KMeans_Cluster,Recency,Recency,Frequency,Frequency,Monetary,Monetary,RFM_Score
,mean,median,mean,median,mean,median,mean
0,40.3104404065291,29.0,103.24730520480443,56.0,2085.8649193101323,920.51,397.68432399137663
1,246.2099907493062,241.0,27.404255319148938,18.0,635.6200656799259,310.06,142.03792784458835
2,6.666666666666667,4.0,825.8333333333334,572.5,190808.53666666665,181431.64500000002,531.6666666666666
3,1.0,0.5,5717.25,5390.5,70612.2475,52842.315,555.0
